,from,to
0,3CR,EcoCentre
1,3RRR Radio Marinara,EcoCentre
2,3WBC,EcoCentre
3,EcoCentre,Aesop
4,EcoCentre,AGL Energy
5,EcoCentre,Albert Park College
6,EcoCentre,Albert Park Primary School
7,Association of Bayside Municipalities,EcoCentre
8,EcoCentre,Australian Coastal Society
9,Australian Coastal Society,EcoCentre
10,Australian Landcare International,EcoCentre
11,EcoCentre,Australian Marine Conservation Society
12,Australian Marine Conservation Society,EcoCentre
13,EcoCentre,Australian Marine Mammal Conservation Foundation
14,Australian Marine Mammal Conservation Foundation,EcoCentre
15,EcoCentre,Bayside City Council
16,Bayside City Council,EcoCentre
17,EcoCentre,Bayside Climate Change Action Group
18,Bayside Climate Change Action Group,EcoCentre
19,EcoCentre,Beach Patrol Australia
20,Beach Patrol Australia,EcoCentre
21,Bellarine Catchment Network,EcoCentre
22,EcoCentre,Biofilta
23,EcoCentre,Boon Wurrung Foundation
24,EcoCentre,Brighton Sea Scouts
25,Brighton Sea Scouts,EcoCentre
26,EcoCentre,Carbon Arts
27,Carbon Arts,EcoCentre
28,EcoCentre,Catholic Education Melbourne
29,EcoCentre,Centre for Education and Research in Environmental Strategies (CERES)
30,Centre for Education and Research in Environmental Strategies (CERES),EcoCentre
31,EcoCentre,Christ Church Community Centre
32,EcoCentre,City of Monash
33,EcoCentre,City of Port Phillip
34,City of Port Phillip,EcoCentre
35,EcoCentre,City of Stonnington
36,City of Stonnington,EcoCentre
37,EcoCentre,City of Wyndham
38,EcoCentre,City of Yarra Ranges
39,EcoCentre,Clean Up Australia
40,EcoCentre,Coastcare Victoria
41,Coastcare Victoria,EcoCentre
42,Community Information Glen Eira,EcoCentre
43,EcoCentre,Cool Australia
44,EcoCentre,Deakin University
45,Deakin University,EcoCentre
46,EcoCentre,"Department of Environment, Land, Water and Planning"
47,"Department of Environment, Land, Water and Planning",EcoCentre
48,EcoCentre,Desert Discovery Inc
49,EcoCentre,Diver Matt
50,Diver Matt,EcoCentre
51,Divercity,EcoCentre
52,EcoCentre,Dolphin Research Institute
53,Dolphin Research Institute,EcoCentre
54,EcoCentre,Earthcare St. Kilda
55,Earthcare St. Kilda,EcoCentre
56,EcoCentre,Elwood and St Kilda Neighbourhood Learning Centre
57,Elwood and St Kilda Neighbourhood Learning Centre,EcoCentre
58,EcoCentre,Elwood Community Bank Branch
59,EcoCentre,Elwood Flood Action Group (eFLAG)
60,Elwood Flood Action Group (eFLAG),EcoCentre
61,EcoCentre,Environment Education Victoria (former VAEE)
62,Environment Education Victoria (former VAEE),EcoCentre
63,EcoCentre,Environmental Protection Authority Victoria
64,Environmental Protection Authority Victoria,EcoCentre
65,EcoCentre,Environmental Resource Management (ERM) Foundation
66,Environmental Resource Management (ERM) Foundation,EcoCentre
67,EcoCentre,Frankston City Council
68,Frankston City Council,EcoCentre
69,EcoCentre,Friends of Barwon Bluff
70,EcoCentre,Friends of Elster Creek
71,Friends of Elster Creek,EcoCentre
72,EcoCentre,Friends of Greenwich Bay
73,Friends of Greenwich Bay,EcoCentre
74,EcoCentre,Friends of McCrae Foreshore
75,EcoCentre,Friends of Westgate Park
76,Friends of Westgate Park,EcoCentre
77,Friends of Williamstown Wetlands,EcoCentre
78,EcoCentre,Gardenvale Primary School
79,EcoCentre,Geography Teachers' Association of Victoria
80,EcoCentre,Glen Eira City Council
81,Glen Eira City Council,EcoCentre
82,EcoCentre,Glen Huntly Primary School
83,Glen Huntly Primary School,EcoCentre
84,EcoCentre,GoodCompany
85,Gordon TAFE,EcoCentre
86,Greensong,EcoCentre
87,Hamer Sprout Fund,EcoCentre
88,EcoCentre,Helen Macpherson Smith
89,Helen Macpherson Smith,EcoCentre
90,Hobsons Bay City Council,EcoCentre
91,EcoCentre,Hub Australia
92,Inner Eastern Local Learning and Employment Network,EcoCentre
93,EcoCentre,Inner South Community Health (now STAR Health)
94,Inner South Community Health (now STAR Health),EcoCentre
95,EcoCentre,Insurance Australia Group
96,EcoCentre,Jawbone Sanctuary Marine Care Group
97,Jawbone Sanctuary Marine Care Group,EcoCentre
98,EcoCentre,Jewish Ecological Coalition
99,Jewish Ecological Coalition,EcoCentre
100,Keep Australia Beautiful,EcoCentre
101,EcoCentre,Keep Victoria Beautiful
102,Keep Victoria Beautiful,EcoCentre
103,EcoCentre,Kids in Nature Network
104,Kids in Nature Network,EcoCentre
105,EcoCentre,Kids Teaching Kids
106,Kids Teaching Kids,EcoCentre
107,EcoCentre,Kingston City Council
108,Latenite Films,EcoCentre
109,Little Feet Music,EcoCentre
110,EcoCentre,LIVE - Locals Into Victoria’s Environment
111,LIVE - Locals Into Victoria’s Environment,EcoCentre
112,EcoCentre,Lord Mayors’ Charitable Foundation
113,Lord Mayors’ Charitable Foundation,EcoCentre
114,EcoCentre,Love Our Street 3184
115,Love Our Street 3184,EcoCentre
116,Lutman Films,EcoCentre
117,EcoCentre,Marine Care Ricketts Point
118,Marine Care Ricketts Point,EcoCentre
119,EcoCentre,Melbourne Girls’ College
120,Melbourne Polytechnic,EcoCentre
121,EcoCentre,Melbourne Ports Stop Adani
122,EcoCentre,Melbourne Water
123,Melbourne Water,EcoCentre
124,EcoCentre,Metropolitan Waste and Resource Recovery Group
125,Metropolitan Waste and Resource Recovery Group,EcoCentre
126,EcoCentre,Monash University
127,Monash University,EcoCentre
128,EcoCentre,Montague Continuing Education Centre
129,EcoCentre,MOOP Patrol
130,MOOP Patrol,EcoCentre
131,EcoCentre,Mornington Peninsula Shire
132,EcoCentre,National Australia Bank (NAB)
133,EcoCentre,National Centre for Coasts and Climate
134,National Centre for Coasts and Climate,EcoCentre
135,EcoCentre,OASES College and Graduate School
136,EcoCentre,Parks Victoria
137,Parks Victoria,EcoCentre
138,EcoCentre,Patagonia
139,EcoCentre,Pelican Expeditions & Saltwater Projects
140,Pelican Expeditions & Saltwater Projects,EcoCentre
141,PJT Green Plumbing,EcoCentre
142,Ply Creative,EcoCentre
143,EcoCentre,Point Nepean Conservation Society
144,Polperro Dolphin Swims,EcoCentre
145,EcoCentre,Port Melbourne Primary School
146,Port Phillip & Westernport Catchment Management Authority,EcoCentre
147,EcoCentre,Port Phillip Bicycle Users' Group
148,Port Phillip Bicycle Users' Group,EcoCentre
149,EcoCentre,Port Phillip Citizens for Reconciliation
150,Port Phillip Citizens for Reconciliation,EcoCentre
151,EcoCentre,Port Phillip Community Group (PPCG)
152,EcoCentre,Port Phillip Housing Association (PPHA)
153,EcoCentre,Presentation College
154,EcoCentre,Public Records Office Victoria
155,Qiantang Riverkeeper,EcoCentre
156,EcoCentre,Renegades
157,Renegades,EcoCentre
158,EcoCentre,Royal Melbourne Institute of Technology
159,Royal Melbourne Institute of Technology,EcoCentre
160,EcoCentre,Royal Melbourne Yacht Squadron
161,EcoCentre,Rye Foreshore Management Committee
162,Rye Foreshore Management Committee,EcoCentre
163,EcoCentre,Sacred Heart Mission/ Outlandish
164,Save Albert Park,EcoCentre
165,EcoCentre,Save the Bays Bahamas
166,Save the Bays Bahamas,EcoCentre
167,Scab Duty,EcoCentre
168,EcoCentre,Sea Life Trust (Melbourne Aquarium)
169,EcoCentre,Sea Sheperd Australia
170,EcoCentre,Sheree Marris (Melbourne Down Under)
171,EcoCentre,"SKINC (St Kilda Indigenous Nursery
Co-operative)"
172,"SKINC (St Kilda Indigenous Nursery
Co-operative)",EcoCentre
173,EcoCentre,South Port Uniting Care
174,South Port Uniting Care,EcoCentre
175,Southern Peninsula Flora and Fauna Association,EcoCentre
176,EcoCentre,Soxy Beast
177,Soxy Beast,EcoCentre
178,St Kilda News,EcoCentre
179,EcoCentre,St Kilda Primary School
180,St Kilda Primary School,EcoCentre
181,EcoCentre,St Louis de Montfort Primary School
182,St Louis de Montfort Primary School,EcoCentre
183,Stonnington Climate Change Action Network,EcoCentre
184,EcoCentre,Stratton
185,EcoCentre,Sustain: Australian Food Network
186,EcoCentre,Sustainability Victoria
187,Sustainability Victoria,EcoCentre
188,EcoCentre,Tangaroa Blue Foundation
189,Tangaroa Blue Foundation,EcoCentre
190,EcoCentre,Target
191,EcoCentre,Telstra
192,The Connies,EcoCentre
193,EcoCentre,Tomorrow’s Leaders for Sustainability Inc
194,Tomorrow’s Leaders for Sustainability Inc,EcoCentre
195,Trade Creative Media,EcoCentre
196,EcoCentre,Transition Port Phillip
197,Transition Port Phillip,EcoCentre
198,EcoCentre,Trash Puppets
199,Trash Puppets,EcoCentre
200,EcoCentre,Treasury Wine Estates
201,EcoCentre,University of Melbourne
202,University of Melbourne,EcoCentre
203,Upper Yarra Landcare,EcoCentre
204,EcoCentre,Veg Out Community Garden
205,Veg Out Community Garden,EcoCentre
206,EcoCentre,Victoria International Container Terminal Community Investment Fund
207,EcoCentre,Victoria National Parks Association
208,Victoria National Parks Association,EcoCentre
209,EcoCentre,Victoria Polytechnic
210,EcoCentre,Victorian Department of Education and Training
211,Victorian Department of Education and Training,EcoCentre
212,Victorian Landcare Council (now Landcare Victoria Incorporated (LVI)),EcoCentre
213,EcoCentre,Victorian Litter Action Alliance
214,Victorian Litter Action Alliance,EcoCentre
215,Vivad Pty Ltd,EcoCentre
216,EcoCentre,Waterkeeper Alliance
217,EcoCentre,Werribee Riverkeeper
218,Werribee Riverkeeper,EcoCentre
219,EcoCentre,William Angliss TAFE
220,EcoCentre,Worcester Polytechnic Institute
221,Worcester Polytechnic Institute,EcoCentre
222,EcoCentre,Yarra Riverkeeper
223,Yarra Riverkeeper,EcoCentre
